PRAGMA foreign_keys=OFF;
BEGIN TRANSACTION;
CREATE TABLE IF NOT EXISTS "migrations" ("id" integer primary key autoincrement not null, "migration" varchar not null, "batch" integer not null);
INSERT INTO migrations VALUES(1,'0001_01_01_000000_create_users_table',1);
INSERT INTO migrations VALUES(2,'0001_01_01_000001_create_cache_table',1);
INSERT INTO migrations VALUES(3,'0001_01_01_000002_create_jobs_table',1);
INSERT INTO migrations VALUES(4,'2024_01_01_000001_create_roles_table',2);
INSERT INTO migrations VALUES(5,'2024_01_01_000002_create_upazilas_table',2);
INSERT INTO migrations VALUES(6,'2024_01_01_000003_create_categories_table',2);
INSERT INTO migrations VALUES(7,'2024_01_01_000004_add_fields_to_users_table',2);
INSERT INTO migrations VALUES(8,'2024_01_01_000005_create_listings_table',2);
INSERT INTO migrations VALUES(9,'2024_01_01_000006_create_comments_table',2);
INSERT INTO migrations VALUES(10,'2024_01_01_000007_create_mp_profiles_table',2);
INSERT INTO migrations VALUES(11,'2024_01_01_000008_create_mp_questions_table',2);
INSERT INTO migrations VALUES(12,'2024_01_01_000009_create_site_settings_table',2);
INSERT INTO migrations VALUES(13,'2024_01_01_000010_create_sliders_table',2);
INSERT INTO migrations VALUES(14,'2024_01_01_000011_create_pages_table',2);
INSERT INTO migrations VALUES(15,'2024_01_01_000012_create_menus_table',2);
INSERT INTO migrations VALUES(16,'2024_01_01_000013_create_news_table',2);
INSERT INTO migrations VALUES(17,'2024_01_01_000014_create_contacts_table',2);
INSERT INTO migrations VALUES(18,'2024_01_01_000015_create_user_category_permissions_table',3);
CREATE TABLE IF NOT EXISTS "password_reset_tokens" ("email" varchar not null, "token" varchar not null, "created_at" datetime, primary key ("email"));
CREATE TABLE IF NOT EXISTS "sessions" ("id" varchar not null, "user_id" integer, "ip_address" varchar, "user_agent" text, "payload" text not null, "last_activity" integer not null, primary key ("id"));
INSERT INTO sessions VALUES('esXKXXh1kX7UN6f9Zfg6WgWfXEeP4iqXWJHAeZNL',NULL,'127.0.0.1','Mozilla/5.0 (X11; Linux x86_64) AppleWebKit/537.36 (KHTML, like Gecko) Chrome/145.0.0.0 Safari/537.36','YTozOntzOjY6Il90b2tlbiI7czo0MDoiaE04UmE0Unh5M01UdzdVRTlQTWE5QVBhOXQwQWNlRlA3YWdnclRNNyI7czo5OiJfcHJldmlvdXMiO2E6Mjp7czozOiJ1cmwiO3M6MjE6Imh0dHA6Ly8xMjcuMC4wLjE6ODA4MCI7czo1OiJyb3V0ZSI7czo0OiJob21lIjt9czo2OiJfZmxhc2giO2E6Mjp7czozOiJvbGQiO2E6MDp7fXM6MzoibmV3IjthOjA6e319fQ==',1771388729);
INSERT INTO sessions VALUES('7I2WsznnsGzxY940mMZnIfTHGXDKs1bwmcJs5b2l',1,'127.0.0.1','Mozilla/5.0 (X11; Linux x86_64) AppleWebKit/537.36 (KHTML, like Gecko) Chrome/145.0.0.0 Safari/537.36','YTo2OntzOjY6Il90b2tlbiI7czo0MDoianRMUjMyOWNRbnFGRHJrWXIwSVdsWGhUbjQ0OWVvcDJhYzRva0txeCI7czo2OiJfZmxhc2giO2E6Mjp7czozOiJvbGQiO2E6MDp7fXM6MzoibmV3IjthOjA6e319czo5OiJfcHJldmlvdXMiO2E6Mjp7czozOiJ1cmwiO3M6MjE6Imh0dHA6Ly9sb2NhbGhvc3Q6ODA4MCI7czo1OiJyb3V0ZSI7czo0OiJob21lIjt9czozOiJ1cmwiO2E6MDp7fXM6NTA6ImxvZ2luX3dlYl81OWJhMzZhZGRjMmIyZjk0MDE1ODBmMDE0YzdmNThlYTRlMzA5ODlkIjtpOjE7czo2OiJsb2NhbGUiO3M6MjoiYm4iO30=',1771392066);
CREATE TABLE IF NOT EXISTS "cache" ("key" varchar not null, "value" text not null, "expiration" integer not null, primary key ("key"));
INSERT INTO cache VALUES('satkhira-portal-cache-setting_twitter_url','N;',2086752066);
INSERT INTO cache VALUES('satkhira-portal-cache-setting_site_phone','s:16:"+880 1700-000000";',2086751965);
INSERT INTO cache VALUES('satkhira-portal-cache-setting_site_email','s:24:"info@satkhira-portal.com";',2086751965);
INSERT INTO cache VALUES('satkhira-portal-cache-setting_facebook_url','s:35:"https://facebook.com/satkhiraportal";',2086751965);
INSERT INTO cache VALUES('satkhira-portal-cache-setting_youtube_url','s:35:"https://youtube.com/@satkhiraportal";',2086751965);
INSERT INTO cache VALUES('satkhira-portal-cache-setting_site_address','s:36:"Satkhira Sadar, Satkhira, Bangladesh";',2086751965);
INSERT INTO cache VALUES('satkhira-portal-cache-setting_footer_text','s:54:"© 2026 Explore Satkhira. Developed By Mir Javed Jeetu";',2086752066);
CREATE TABLE IF NOT EXISTS "cache_locks" ("key" varchar not null, "owner" varchar not null, "expiration" integer not null, primary key ("key"));
CREATE TABLE IF NOT EXISTS "jobs" ("id" integer primary key autoincrement not null, "queue" varchar not null, "payload" text not null, "attempts" integer not null, "reserved_at" integer, "available_at" integer not null, "created_at" integer not null);
CREATE TABLE IF NOT EXISTS "job_batches" ("id" varchar not null, "name" varchar not null, "total_jobs" integer not null, "pending_jobs" integer not null, "failed_jobs" integer not null, "failed_job_ids" text not null, "options" text, "cancelled_at" integer, "created_at" integer not null, "finished_at" integer, primary key ("id"));
CREATE TABLE IF NOT EXISTS "failed_jobs" ("id" integer primary key autoincrement not null, "uuid" varchar not null, "connection" text not null, "queue" text not null, "payload" text not null, "exception" text not null, "failed_at" datetime not null default CURRENT_TIMESTAMP);
CREATE TABLE IF NOT EXISTS "roles" ("id" integer primary key autoincrement not null, "name" varchar not null, "slug" varchar not null, "description" text, "permissions" text, "created_at" datetime, "updated_at" datetime);
INSERT INTO roles VALUES(1,'Super Admin','super-admin','Full system access','["*"]','2026-02-18 04:16:19','2026-02-18 04:16:19');
INSERT INTO roles VALUES(2,'Admin','admin','Administrative access','["manage-users","manage-listings","manage-comments","manage-settings"]','2026-02-18 04:16:19','2026-02-18 04:16:19');
INSERT INTO roles VALUES(3,'Moderator','moderator','Upazila moderator','["manage-listings","manage-comments"]','2026-02-18 04:16:19','2026-02-18 04:16:19');
INSERT INTO roles VALUES(4,'User','user','Regular user','["create-listing","comment"]','2026-02-18 04:16:19','2026-02-18 04:16:19');
CREATE TABLE IF NOT EXISTS "upazilas" ("id" integer primary key autoincrement not null, "name" varchar not null, "name_bn" varchar, "slug" varchar not null, "description" text, "description_bn" text, "image" varchar, "map_embed" varchar, "latitude" numeric, "longitude" numeric, "population" integer, "area" numeric, "is_active" tinyint(1) not null default '1', "sort_order" integer not null default '0', "created_at" datetime, "updated_at" datetime);
INSERT INTO upazilas VALUES(1,'Satkhira Sadar','সাতক্ষীরা সদর','satkhira-sadar','The central upazila of Satkhira district',NULL,NULL,NULL,NULL,NULL,450000,370.50999999999999,1,0,'2026-02-18 04:16:19','2026-02-18 04:16:19');
INSERT INTO upazilas VALUES(2,'Kaliganj','কালীগঞ্জ','kaliganj','A upazila in Satkhira district',NULL,NULL,NULL,NULL,NULL,380000,324.079999999999984,1,0,'2026-02-18 04:16:19','2026-02-18 04:16:19');
INSERT INTO upazilas VALUES(3,'Shyamnagar','শ্যামনগর','shyamnagar','Famous for Sundarbans',NULL,NULL,NULL,NULL,NULL,320000,467.399999999999977,1,0,'2026-02-18 04:16:19','2026-02-18 04:16:19');
INSERT INTO upazilas VALUES(4,'Assasuni','আশাশুনি','assasuni','A upazila in Satkhira district',NULL,NULL,NULL,NULL,NULL,280000,306.870000000000004,1,0,'2026-02-18 04:16:19','2026-02-18 04:16:19');
INSERT INTO upazilas VALUES(5,'Debhata','দেবহাটা','debhata','Border upazila',NULL,NULL,NULL,NULL,NULL,150000,178.460000000000007,1,0,'2026-02-18 04:16:19','2026-02-18 04:16:19');
INSERT INTO upazilas VALUES(6,'Kalaroa','কলারোয়া','kalaroa','Agricultural upazila',NULL,NULL,NULL,NULL,NULL,320000,233.909999999999996,1,0,'2026-02-18 04:16:19','2026-02-18 04:16:19');
INSERT INTO upazilas VALUES(7,'Tala','তালা','tala','A upazila in Satkhira district',NULL,NULL,NULL,NULL,NULL,330000,344.079999999999984,1,0,'2026-02-18 04:16:19','2026-02-18 04:16:19');
CREATE TABLE IF NOT EXISTS "categories" ("id" integer primary key autoincrement not null, "name" varchar not null, "name_bn" varchar, "slug" varchar not null, "description" text, "icon" varchar, "image" varchar, "color" varchar not null default '#007bff', "parent_id" integer, "is_active" tinyint(1) not null default '1', "show_in_menu" tinyint(1) not null default '1', "allow_user_submission" tinyint(1) not null default '1', "sort_order" integer not null default '0', "created_at" datetime, "updated_at" datetime, foreign key("parent_id") references "categories"("id") on delete cascade);
INSERT INTO categories VALUES(1,'Tourist Spots','পর্যটন কেন্দ্র','tourist-spots','Explore beautiful tourist destinations','fa-mountain-sun',NULL,'#28a745',NULL,1,1,1,0,'2026-02-18 04:16:19','2026-02-18 04:16:19');
INSERT INTO categories VALUES(2,'Emergency Services','জরুরী সেবা','emergency-services','Emergency contact numbers and services','fa-phone-volume',NULL,'#dc3545',NULL,1,1,1,1,'2026-02-18 04:16:19','2026-02-18 04:16:19');
INSERT INTO categories VALUES(3,'Educational Institutions','শিক্ষা প্রতিষ্ঠান','educational-institutions','Schools, colleges and universities','fa-graduation-cap',NULL,'#007bff',NULL,1,1,1,2,'2026-02-18 04:16:19','2026-02-18 04:16:19');
INSERT INTO categories VALUES(4,'Hotels & Restaurants','হোটেল রেস্টুরেন্ট','hotels-restaurants','Hotels and restaurants','fa-utensils',NULL,'#fd7e14',NULL,1,1,1,3,'2026-02-18 04:16:19','2026-02-18 04:16:19');
INSERT INTO categories VALUES(5,'Hospitals','হাসপাতাল','hospitals','Hospitals and clinics','fa-hospital',NULL,'#17a2b8',NULL,1,1,1,4,'2026-02-18 04:16:19','2026-02-18 04:16:19');
INSERT INTO categories VALUES(6,'Home Tutors','হোম টিউটর','home-tutors','Private tutors for home tuition','fa-chalkboard-teacher',NULL,'#6f42c1',NULL,1,1,1,5,'2026-02-18 04:16:19','2026-02-18 04:16:19');
INSERT INTO categories VALUES(7,'To-Let','টু লেট','to-let','Houses and apartments for rent','fa-home',NULL,'#20c997',NULL,1,1,1,6,'2026-02-18 04:16:19','2026-02-18 04:16:19');
INSERT INTO categories VALUES(8,'Volunteer Organizations','স্বেচ্ছাসেবী সংগঠন','volunteer-organizations','NGOs and volunteer groups','fa-hands-helping',NULL,'#e83e8c',NULL,1,1,1,7,'2026-02-18 04:16:19','2026-02-18 04:16:19');
CREATE TABLE IF NOT EXISTS "users" ("id" integer primary key autoincrement not null, "name" varchar not null, "email" varchar not null, "email_verified_at" datetime, "password" varchar not null, "remember_token" varchar, "created_at" datetime, "updated_at" datetime, "role_id" integer, "upazila_id" integer, "phone" varchar, "avatar" varchar, "address" text, "bio" text, "status" varchar check ("status" in ('pending', 'active', 'suspended')) not null default 'pending', "is_verified" tinyint(1) not null default '0', "approved_at" datetime, "approved_by" integer, "nid_number" varchar, "registration_purpose" text, "requested_categories" text, foreign key("role_id") references "roles"("id") on delete set null, foreign key("upazila_id") references "upazilas"("id") on delete set null);
INSERT INTO users VALUES(1,'Super Admin','admin@satkhira.com',NULL,'$2y$12$8B0R.8CJ5h33/oZcPE2bpeIysWbG.MrmRgM/ZDZqTZCg3Ws7/ijVK',NULL,'2026-02-18 04:16:19','2026-02-18 04:16:19',1,NULL,NULL,NULL,NULL,NULL,'active',1,'2026-02-18 04:16:19',NULL,NULL,NULL,NULL);
INSERT INTO users VALUES(2,'Satkhira Sadar Moderator','moderator@satkhira.com',NULL,'$2y$12$qcHVSdg2wIr8yVjHXek3fOJJsH8tW7OS8qzDIgGleMvZ6vQ6hM5IC',NULL,'2026-02-18 04:16:19','2026-02-18 04:16:19',3,1,NULL,NULL,NULL,NULL,'active',1,'2026-02-18 04:16:19',NULL,NULL,NULL,NULL);
INSERT INTO users VALUES(3,'Test User','user@satkhira.com',NULL,'$2y$12$Z0QfgVtxZ5IpfBtzqjxsleY5C1Lnltjgv/dRlEbLlqktqOAtXt0S.',NULL,'2026-02-18 04:16:20','2026-02-18 04:16:20',4,NULL,NULL,NULL,NULL,NULL,'active',1,'2026-02-18 04:16:20',NULL,NULL,NULL,NULL);
INSERT INTO users VALUES(4,'Mir Javed Jahanger','javedmirjeetu.official@gmail.com',NULL,'$2y$12$xhJq8UIGgiuJdwS1h4eswei5DM.BP.nVkXSVUPbEofqBsfY.Ze226',NULL,'2026-02-18 04:46:32','2026-02-18 04:46:32',NULL,NULL,NULL,NULL,NULL,NULL,'pending',0,NULL,NULL,NULL,NULL,NULL);
CREATE TABLE IF NOT EXISTS "listings" ("id" integer primary key autoincrement not null, "user_id" integer not null, "category_id" integer not null, "upazila_id" integer not null, "title" varchar not null, "title_bn" varchar, "slug" varchar not null, "short_description" text, "description" text, "image" varchar, "gallery" text, "address" varchar, "phone" varchar, "email" varchar, "website" varchar, "facebook" varchar, "youtube" varchar, "latitude" numeric, "longitude" numeric, "map_embed" varchar, "opening_hours" text, "price_from" numeric, "price_to" numeric, "features" text, "extra_fields" text, "status" varchar check ("status" in ('pending', 'approved', 'rejected')) not null default 'pending', "is_featured" tinyint(1) not null default '0', "views" integer not null default '0', "approved_at" datetime, "approved_by" integer, "created_at" datetime, "updated_at" datetime, foreign key("user_id") references "users"("id") on delete cascade, foreign key("category_id") references "categories"("id") on delete cascade, foreign key("upazila_id") references "upazilas"("id") on delete cascade);
INSERT INTO listings VALUES(1,1,1,3,'Sundarbans East Wildlife Sanctuary','সুন্দরবন পূর্ব বন্যপ্রাণী অভয়ারণ্য','sundarbans-east-wildlife-sanctuary-69953d142bb2c',NULL,'The world''s largest mangrove forest.',NULL,NULL,'Shyamnagar, Satkhira',NULL,NULL,NULL,NULL,NULL,NULL,NULL,NULL,NULL,NULL,NULL,NULL,NULL,'approved',0,1,'2026-02-18 04:16:20',1,'2026-02-18 04:16:20','2026-02-18 04:49:44');
INSERT INTO listings VALUES(2,1,2,1,'Satkhira District Hospital','সাতক্ষীরা জেলা হাসপাতাল','satkhira-district-hospital-69953d142cc99',NULL,'Main government hospital.',NULL,NULL,'Satkhira Sadar, Satkhira','999',NULL,NULL,NULL,NULL,NULL,NULL,NULL,NULL,NULL,NULL,NULL,NULL,'approved',0,0,'2026-02-18 04:16:20',1,'2026-02-18 04:16:20','2026-02-18 04:16:20');
INSERT INTO listings VALUES(3,1,3,1,'Satkhira Government College','সাতক্ষীরা সরকারি কলেজ','satkhira-government-college-69953d142e181',NULL,'Premier government college.',NULL,NULL,'Satkhira Sadar, Satkhira',NULL,NULL,NULL,NULL,NULL,NULL,NULL,NULL,NULL,NULL,NULL,NULL,NULL,'approved',0,1,'2026-02-18 04:16:20',1,'2026-02-18 04:16:20','2026-02-18 04:33:24');
INSERT INTO listings VALUES(4,1,4,1,'Hotel Sundarban','হোটেল সুন্দরবন','hotel-sundarban-69953d142f06f',NULL,'Comfortable hotel.',NULL,NULL,'Satkhira Sadar, Satkhira',NULL,NULL,NULL,NULL,NULL,NULL,NULL,NULL,NULL,NULL,NULL,NULL,NULL,'approved',0,0,'2026-02-18 04:16:20',1,'2026-02-18 04:16:20','2026-02-18 04:16:20');
INSERT INTO listings VALUES(5,1,5,1,'Satkhira Medical Center','সাতক্ষীরা মেডিক্যাল সেন্টার','satkhira-medical-center-69953d142feed',NULL,'Private medical center.',NULL,NULL,'Satkhira Sadar, Satkhira',NULL,NULL,NULL,NULL,NULL,NULL,NULL,NULL,NULL,NULL,NULL,NULL,NULL,'approved',0,0,'2026-02-18 04:16:20',1,'2026-02-18 04:16:20','2026-02-18 04:16:20');
INSERT INTO listings VALUES(6,1,6,1,'English Language Tutor','ইংরেজি ভাষা শিক্ষক','english-language-tutor-69953d14310c5',NULL,'Experienced English teacher.',NULL,NULL,'Satkhira Sadar, Satkhira',NULL,NULL,NULL,NULL,NULL,NULL,NULL,NULL,NULL,NULL,NULL,NULL,NULL,'approved',0,1,'2026-02-18 04:16:20',1,'2026-02-18 04:16:20','2026-02-18 05:00:11');
INSERT INTO listings VALUES(7,1,7,1,'2 Bedroom Apartment','২ বেডরুম ফ্ল্যাট ভাড়া','2-bedroom-apartment-69953d1432347',NULL,'2 bedroom apartment for rent.',NULL,NULL,'Satkhira Sadar, Satkhira',NULL,NULL,NULL,NULL,NULL,NULL,NULL,NULL,NULL,NULL,NULL,NULL,NULL,'approved',0,0,'2026-02-18 04:16:20',1,'2026-02-18 04:16:20','2026-02-18 04:16:20');
INSERT INTO listings VALUES(8,1,8,1,'Satkhira Youth Foundation','সাতক্ষীরা যুব ফাউন্ডেশন','satkhira-youth-foundation-69953d143324e',NULL,'Youth-led organization.',NULL,NULL,'Satkhira Sadar, Satkhira',NULL,NULL,NULL,NULL,NULL,NULL,NULL,NULL,NULL,NULL,NULL,NULL,NULL,'approved',0,0,'2026-02-18 04:16:20',1,'2026-02-18 04:16:20','2026-02-18 04:16:20');
CREATE TABLE IF NOT EXISTS "comments" ("id" integer primary key autoincrement not null, "commentable_type" varchar not null, "commentable_id" integer not null, "user_id" integer, "parent_id" integer, "name" varchar not null, "email" varchar not null, "phone" varchar, "content" text not null, "rating" integer, "status" varchar check ("status" in ('pending', 'approved', 'rejected')) not null default 'pending', "ip_address" varchar, "approved_at" datetime, "approved_by" integer, "created_at" datetime, "updated_at" datetime, foreign key("user_id") references "users"("id") on delete set null, foreign key("parent_id") references "comments"("id") on delete cascade);
CREATE TABLE IF NOT EXISTS "mp_profiles" ("id" integer primary key autoincrement not null, "name" varchar not null, "name_bn" varchar, "slug" varchar not null, "designation" varchar, "constituency" varchar, "bio" text, "image" varchar, "phone" varchar, "email" varchar, "facebook" varchar, "twitter" varchar, "address" text, "elected_date" date, "is_active" tinyint(1) not null default '1', "created_at" datetime, "updated_at" datetime);
INSERT INTO mp_profiles VALUES(1,'সংসদ সদস্য','সংসদ সদস্য','satkhira-mp','Member of Parliament','Satkhira-1','সাতক্ষীরা-১ আসনের মাননীয় সংসদ সদস্য।',NULL,NULL,NULL,NULL,NULL,NULL,NULL,1,'2026-02-18 04:16:20','2026-02-18 04:16:20');
CREATE TABLE IF NOT EXISTS "mp_questions" ("id" integer primary key autoincrement not null, "mp_profile_id" integer not null, "user_id" integer, "name" varchar not null, "email" varchar not null, "phone" varchar, "question" text not null, "answer" text, "status" varchar check ("status" in ('pending', 'approved', 'answered', 'rejected')) not null default 'pending', "is_public" tinyint(1) not null default '1', "answered_at" datetime, "answered_by" integer, "created_at" datetime, "updated_at" datetime, foreign key("mp_profile_id") references "mp_profiles"("id") on delete cascade, foreign key("user_id") references "users"("id") on delete set null);
INSERT INTO mp_questions VALUES(1,1,NULL,'রহিম উদ্দিন','rahim@example.com',NULL,'শ্যামনগর উপজেলায় রাস্তার অবস্থা অত্যন্ত খারাপ।','ধন্যবাদ আপনার প্রশ্নের জন্য। আমরা কাজ করছি।','answered',1,'2026-02-18 04:16:20',NULL,'2026-02-18 04:16:20','2026-02-18 04:16:20');
CREATE TABLE IF NOT EXISTS "site_settings" ("id" integer primary key autoincrement not null, "key" varchar not null, "value" text, "type" varchar not null default 'text', "group" varchar not null default 'general', "label" varchar, "description" text, "is_public" tinyint(1) not null default '1', "created_at" datetime, "updated_at" datetime);
INSERT INTO site_settings VALUES(1,'site_name','Explore Satkhira','text','general',NULL,NULL,1,'2026-02-18 04:16:20','2026-02-18 04:54:20');
INSERT INTO site_settings VALUES(2,'site_name_bn','সাতক্ষীরা পোর্টাল','text','general',NULL,NULL,1,'2026-02-18 04:16:20','2026-02-18 04:16:20');
INSERT INTO site_settings VALUES(3,'site_tagline','Explore Satkhira District','text','general',NULL,NULL,1,'2026-02-18 04:16:20','2026-02-18 04:16:20');
INSERT INTO site_settings VALUES(4,'site_description','সাতক্ষীরা জেলার সকল তথ্যের একটি সম্পূর্ণ পোর্টাল','textarea','general',NULL,NULL,1,'2026-02-18 04:16:20','2026-02-18 04:16:20');
INSERT INTO site_settings VALUES(5,'site_email','info@satkhira-portal.com','email','general',NULL,NULL,1,'2026-02-18 04:16:20','2026-02-18 04:16:20');
INSERT INTO site_settings VALUES(6,'site_phone','+880 1700-000000','text','general',NULL,NULL,1,'2026-02-18 04:16:20','2026-02-18 04:16:20');
INSERT INTO site_settings VALUES(7,'site_address','Satkhira Sadar, Satkhira, Bangladesh','textarea','general',NULL,NULL,1,'2026-02-18 04:16:20','2026-02-18 04:16:20');
INSERT INTO site_settings VALUES(8,'footer_text','© 2026 Explore Satkhira. Developed By Mir Javed Jeetu','text','general',NULL,NULL,1,'2026-02-18 04:16:20','2026-02-18 04:55:57');
INSERT INTO site_settings VALUES(9,'facebook_url','https://facebook.com/satkhiraportal','url','social',NULL,NULL,1,'2026-02-18 04:16:20','2026-02-18 04:16:20');
INSERT INTO site_settings VALUES(10,'youtube_url','https://youtube.com/@satkhiraportal','url','social',NULL,NULL,1,'2026-02-18 04:16:20','2026-02-18 04:16:20');
INSERT INTO site_settings VALUES(11,'about_title','About Satkhira Portal','text','about',NULL,NULL,1,'2026-02-18 04:16:20','2026-02-18 04:16:20');
INSERT INTO site_settings VALUES(12,'about_content','সাতক্ষীরা পোর্টাল হল সাতক্ষীরা জেলার একটি ব্যাপক তথ্য প্ল্যাটফর্ম।','textarea','about',NULL,NULL,1,'2026-02-18 04:16:20','2026-02-18 04:16:20');
INSERT INTO site_settings VALUES(13,'about_short','','text','general',NULL,NULL,1,'2026-02-18 04:54:20','2026-02-18 04:54:20');
CREATE TABLE IF NOT EXISTS "sliders" ("id" integer primary key autoincrement not null, "title" varchar, "title_bn" varchar, "subtitle" text, "image" varchar not null, "link" varchar, "button_text" varchar, "is_active" tinyint(1) not null default '1', "sort_order" integer not null default '0', "created_at" datetime, "updated_at" datetime);
CREATE TABLE IF NOT EXISTS "pages" ("id" integer primary key autoincrement not null, "title" varchar not null, "title_bn" varchar, "slug" varchar not null, "content" text, "featured_image" varchar, "meta_title" varchar, "meta_description" text, "meta_keywords" varchar, "is_active" tinyint(1) not null default '1', "template" varchar not null default 'default', "created_at" datetime, "updated_at" datetime);
CREATE TABLE IF NOT EXISTS "menus" ("id" integer primary key autoincrement not null, "name" varchar not null, "location" varchar not null, "is_active" tinyint(1) not null default '1', "created_at" datetime, "updated_at" datetime);
CREATE TABLE IF NOT EXISTS "menu_items" ("id" integer primary key autoincrement not null, "menu_id" integer not null, "parent_id" integer, "title" varchar not null, "title_bn" varchar, "url" varchar, "route_name" varchar, "route_params" text, "icon" varchar, "target" varchar not null default '_self', "is_active" tinyint(1) not null default '1', "sort_order" integer not null default '0', "created_at" datetime, "updated_at" datetime, foreign key("menu_id") references "menus"("id") on delete cascade, foreign key("parent_id") references "menu_items"("id") on delete cascade);
CREATE TABLE IF NOT EXISTS "news" ("id" integer primary key autoincrement not null, "user_id" integer, "title" varchar not null, "title_bn" varchar, "slug" varchar not null, "excerpt" text, "content" text not null, "image" varchar, "gallery" text, "type" varchar check ("type" in ('news', 'notice', 'event')) not null default 'news', "event_date" date, "is_featured" tinyint(1) not null default '0', "is_active" tinyint(1) not null default '1', "views" integer not null default '0', "created_at" datetime, "updated_at" datetime, foreign key("user_id") references "users"("id") on delete set null);
INSERT INTO news VALUES(1,1,'Welcome to Satkhira Portal','সাতক্ষীরা পোর্টালে স্বাগতম','welcome-to-satkhira-portal','We are excited to launch the new Satkhira Portal.','We are excited to launch the new Satkhira Portal, your one-stop destination for all information about Satkhira district.',NULL,NULL,'news',NULL,0,1,0,'2026-02-18 04:16:20','2026-02-18 04:16:20');
CREATE TABLE IF NOT EXISTS "contacts" ("id" integer primary key autoincrement not null, "name" varchar not null, "email" varchar not null, "phone" varchar, "subject" varchar not null, "message" text not null, "status" varchar check ("status" in ('unread', 'read', 'replied')) not null default 'unread', "reply" text, "replied_at" datetime, "replied_by" integer, "created_at" datetime, "updated_at" datetime);
CREATE TABLE IF NOT EXISTS "user_category_permissions" ("id" integer primary key autoincrement not null, "user_id" integer not null, "category_id" integer not null, "is_approved" tinyint(1) not null default '0', "approved_by" integer, "approved_at" datetime, "created_at" datetime, "updated_at" datetime, foreign key("user_id") references "users"("id") on delete cascade, foreign key("category_id") references "categories"("id") on delete cascade, foreign key("approved_by") references "users"("id") on delete set null);
DELETE FROM sqlite_sequence;
INSERT INTO sqlite_sequence VALUES('migrations',18);
INSERT INTO sqlite_sequence VALUES('users',4);
INSERT INTO sqlite_sequence VALUES('roles',4);
INSERT INTO sqlite_sequence VALUES('upazilas',7);
INSERT INTO sqlite_sequence VALUES('categories',8);
INSERT INTO sqlite_sequence VALUES('site_settings',13);
INSERT INTO sqlite_sequence VALUES('mp_profiles',1);
INSERT INTO sqlite_sequence VALUES('listings',8);
INSERT INTO sqlite_sequence VALUES('news',1);
INSERT INTO sqlite_sequence VALUES('mp_questions',1);
CREATE INDEX "sessions_user_id_index" on "sessions" ("user_id");
CREATE INDEX "sessions_last_activity_index" on "sessions" ("last_activity");
CREATE INDEX "cache_expiration_index" on "cache" ("expiration");
CREATE INDEX "cache_locks_expiration_index" on "cache_locks" ("expiration");
CREATE INDEX "jobs_queue_index" on "jobs" ("queue");
CREATE UNIQUE INDEX "failed_jobs_uuid_unique" on "failed_jobs" ("uuid");
CREATE UNIQUE INDEX "roles_name_unique" on "roles" ("name");
CREATE UNIQUE INDEX "roles_slug_unique" on "roles" ("slug");
CREATE UNIQUE INDEX "upazilas_slug_unique" on "upazilas" ("slug");
CREATE UNIQUE INDEX "categories_slug_unique" on "categories" ("slug");
CREATE UNIQUE INDEX "users_email_unique" on "users" ("email");
CREATE INDEX "listings_status_category_id_upazila_id_index" on "listings" ("status", "category_id", "upazila_id");
CREATE INDEX "listings_is_featured_status_index" on "listings" ("is_featured", "status");
CREATE UNIQUE INDEX "listings_slug_unique" on "listings" ("slug");
CREATE INDEX "comments_commentable_type_commentable_id_index" on "comments" ("commentable_type", "commentable_id");
CREATE INDEX "comments_commentable_type_commentable_id_status_index" on "comments" ("commentable_type", "commentable_id", "status");
CREATE UNIQUE INDEX "mp_profiles_slug_unique" on "mp_profiles" ("slug");
CREATE INDEX "mp_questions_mp_profile_id_status_index" on "mp_questions" ("mp_profile_id", "status");
CREATE INDEX "site_settings_group_key_index" on "site_settings" ("group", "key");
CREATE UNIQUE INDEX "site_settings_key_unique" on "site_settings" ("key");
CREATE UNIQUE INDEX "pages_slug_unique" on "pages" ("slug");
CREATE UNIQUE INDEX "menus_location_unique" on "menus" ("location");
CREATE INDEX "menu_items_menu_id_parent_id_sort_order_index" on "menu_items" ("menu_id", "parent_id", "sort_order");
CREATE INDEX "news_type_is_active_created_at_index" on "news" ("type", "is_active", "created_at");
CREATE UNIQUE INDEX "news_slug_unique" on "news" ("slug");
CREATE UNIQUE INDEX "user_category_permissions_user_id_category_id_unique" on "user_category_permissions" ("user_id", "category_id");
COMMIT;
